"time in ms","power in dBm"
"262","+6.66680717E+00"
"387","+6.66689110E+00"
"534","+6.66687012E+00"
"684","+6.66693878E+00"
"842","+6.66692162E+00"
"994","+6.66689873E+00"
"1144","+6.66687202E+00"
"1296","+6.66694069E+00"
"1446","+6.66690063E+00"
"1599","+6.66689873E+00"
"1750","+6.66683769E+00"
"1906","+6.66683197E+00"
"2056","+6.66681671E+00"
"2203","+6.66685677E+00"
"2353","+6.66691589E+00"
"2501","+6.66697693E+00"
"2656","+6.66697311E+00"
"2809","+6.66696548E+00"
"2964","+6.66692734E+00"
"3215","+6.66691780E+00"
"3365","+6.66692734E+00"
"3518","+6.66701126E+00"
"3670","+6.66692162E+00"
"3818","+6.66692924E+00"
"3970","+6.66690636E+00"
"4227","+6.66697884E+00"
"4379","+6.66697311E+00"
"4530","+6.66706276E+00"
"4682","+6.66714478E+00"
"4834","+6.66720772E+00"
"4990","+6.66718674E+00"
"5246","+6.66718102E+00"
"5399","+6.66718674E+00"
"5548","+6.66720772E+00"
"5704","+6.66722679E+00"
"5857","+6.66718292E+00"
"5999","+6.66719627E+00"
"6253","+6.66715622E+00"
"6399","+6.66720009E+00"
"6554","+6.66718483E+00"
"6708","+6.66719627E+00"
"6862","+6.66724586E+00"
"7020","+6.66725540E+00"
"7171","+6.66723061E+00"
"7325","+6.66728210E+00"
"7480","+6.66726494E+00"
"7639","+6.66726494E+00"
"7792","+6.66724014E+00"
"7973","+6.66729546E+00"
"8231","+6.66734886E+00"
"8382","+6.66731834E+00"
"8539","+6.66732979E+00"
"8696","+6.66737175E+00"
"8852","+6.66733360E+00"
"9007","+6.66738319E+00"
"9263","+6.66735077E+00"
"9419","+6.66731453E+00"
"9578","+6.66739845E+00"
"9734","+6.66733551E+00"
"9883","+6.66732788E+00"
"10038","+6.66735649E+00"
"10292","+6.66740036E+00"
"10443","+6.66740227E+00"
"10592","+6.66735458E+00"
"10745","+6.66735458E+00"
"10898","+6.66736031E+00"
"11050","+6.66744804E+00"
"11195","+6.66741562E+00"
"11345","+6.66745377E+00"
"11498","+6.66739273E+00"
"11646","+6.66740990E+00"
"11803","+6.66739273E+00"
"11950","+6.66740990E+00"
"12099","+6.66739845E+00"
"12254","+6.66729927E+00"
"12407","+6.66735649E+00"
"12561","+6.66744614E+00"
"12709","+6.66744614E+00"
"12864","+6.66730499E+00"
"13015","+6.66737366E+00"
"13270","+6.66737175E+00"
"13426","+6.66741562E+00"
"13581","+6.66741562E+00"
"13733","+6.66745567E+00"
"13885","+6.66745758E+00"
"14040","+6.66741371E+00"
"14294","+6.66754150E+00"
"14446","+6.66744041E+00"
"14604","+6.66748428E+00"
"14756","+6.66747665E+00"
"14915","+6.66750717E+00"
"15065","+6.66749954E+00"
"15218","+6.66750336E+00"
"15364","+6.66746140E+00"
"15517","+6.66744995E+00"
"15671","+6.66745949E+00"
"15824","+6.66744423E+00"
"15981","+6.66750336E+00"
"16134","+6.66753387E+00"
"16286","+6.66750336E+00"
"16443","+6.66750908E+00"
"16598","+6.66753197E+00"
"16751","+6.66754532E+00"
"16911","+6.66749573E+00"
"17068","+6.66759872E+00"
"17325","+6.66755676E+00"
"17477","+6.66754723E+00"
"17632","+6.66754723E+00"
"17788","+6.66761971E+00"
"17945","+6.66754532E+00"
"18098","+6.66755295E+00"
"18353","+6.66753197E+00"
"18506","+6.66756248E+00"
"18656","+6.66748238E+00"
"18809","+6.66752052E+00"
"18978","+6.66758347E+00"
"19131","+6.66754723E+00"
"19386","+6.66761398E+00"
"19542","+6.66757202E+00"
"19693","+6.66755867E+00"
"19850","+6.66750908E+00"
"20003","+6.66754723E+00"
"20161","+6.66757774E+00"
"20313","+6.66755676E+00"
"20468","+6.66757202E+00"
"20621","+6.66753769E+00"
"20782","+6.66757393E+00"
"20936","+6.66755295E+00"
"21086","+6.66756630E+00"
"21343","+6.66764450E+00"
"21491","+6.66758156E+00"
"21648","+6.66756821E+00"
"21800","+6.66757202E+00"
"21958","+6.66755676E+00"
"22110","+6.66756630E+00"
"22361","+6.66760445E+00"
"22513","+6.66760063E+00"
"22671","+6.66765404E+00"
"22826","+6.66765594E+00"
"22981","+6.66761398E+00"
"23139","+6.66764069E+00"
"23396","+6.66768837E+00"
"23550","+6.66764259E+00"
"23707","+6.66763496E+00"
"23860","+6.66762733E+00"
"24008","+6.66767120E+00"
"24165","+6.66769600E+00"
"24318","+6.66768074E+00"
"24467","+6.66769600E+00"
"24625","+6.66772079E+00"
"24785","+6.66772270E+00"
"24939","+6.66769218E+00"
"25093","+6.66771507E+00"
"25356","+6.66772842E+00"
"25514","+6.66768074E+00"
"25673","+6.66769981E+00"
"25831","+6.66772270E+00"
"25985","+6.66770363E+00"
"26139","+6.66767502E+00"
"26397","+6.66770363E+00"
"26556","+6.66770744E+00"
"26711","+6.66774750E+00"
"26873","+6.66772652E+00"
"27026","+6.66776085E+00"
"27178","+6.66770744E+00"
"27338","+6.66771317E+00"
"27492","+6.66773033E+00"
"27645","+6.66776276E+00"
"27796","+6.66776848E+00"
"27947","+6.66777611E+00"
"28101","+6.66776276E+00"
"28259","+6.66775894E+00"
"28412","+6.66773605E+00"
"28569","+6.66773987E+00"
"28731","+6.66772652E+00"
"28889","+6.66773033E+00"
"29044","+6.66783333E+00"
"29202","+6.66786385E+00"
"29453","+6.66779900E+00"
"29606","+6.66777611E+00"
"29763","+6.66784477E+00"
"29926","+6.66779518E+00"
"30083","+6.66783714E+00"
"30237","+6.66779900E+00"
"30396","+6.66779327E+00"
"30551","+6.66787148E+00"
"30708","+6.66784668E+00"
"30870","+6.66786194E+00"
"31029","+6.66783905E+00"
"31185","+6.66782570E+00"
"31443","+6.66788483E+00"
"31599","+6.66786003E+00"
"31759","+6.66787529E+00"
"31921","+6.66780281E+00"
"32079","+6.66786003E+00"
"32237","+6.66784477E+00"
"32498","+6.66787148E+00"
"32650","+6.66782379E+00"
"32814","+6.66791916E+00"
"32966","+6.66790009E+00"
"33130","+6.66784286E+00"
"33290","+6.66781807E+00"
"33449","+6.66793060E+00"
"33605","+6.66789436E+00"
"33762","+6.66787910E+00"
"33922","+6.66790390E+00"
"34085","+6.66794205E+00"
"34245","+6.66786385E+00"
"34511","+6.66788292E+00"
"34673","+6.66786003E+00"
"34830","+6.66786385E+00"
"34990","+6.66789246E+00"
"35151","+6.66790009E+00"
"35308","+6.66793633E+00"
"35461","+6.66790771E+00"
"35615","+6.66792297E+00"
"35777","+6.66789818E+00"
"35939","+6.66786957E+00"
"36095","+6.66791153E+00"
"36251","+6.66793442E+00"
"36513","+6.66791916E+00"
"36678","+6.66793060E+00"
"36837","+6.66792870E+00"
"36998","+6.66787910E+00"
"37162","+6.66786385E+00"
"37321","+6.66792870E+00"
"37479","+6.66801071E+00"
"37635","+6.66794586E+00"
"37793","+6.66789246E+00"
"37948","+6.66789436E+00"
"38106","+6.66789627E+00"
"38265","+6.66792870E+00"
"38525","+6.66798782E+00"
"38683","+6.66796112E+00"
"38847","+6.66791153E+00"
"38994","+6.66793442E+00"
"39151","+6.66800117E+00"
"39311","+6.66800690E+00"
"39466","+6.66798592E+00"
"39621","+6.66798210E+00"
"39781","+6.66801071E+00"
"39944","+6.66805267E+00"
"40102","+6.66799545E+00"
"40259","+6.66795731E+00"
"40519","+6.66795921E+00"
"40680","+6.66793823E+00"
"40842","+6.66795921E+00"
"41006","+6.66795349E+00"
"41166","+6.66797066E+00"
"41326","+6.66800117E+00"
"41484","+6.66801453E+00"
"41646","+6.66796875E+00"
"41814","+6.66798019E+00"
"41970","+6.66798401E+00"
"42129","+6.66800690E+00"
"42288","+6.66798592E+00"
"42553","+6.66798019E+00"
"42709","+6.66799355E+00"
"42868","+6.66798782E+00"
"43026","+6.66798210E+00"
"43184","+6.66795921E+00"
"43344","+6.66800308E+00"
"43501","+6.66799736E+00"
"43662","+6.66795349E+00"
"43823","+6.66796494E+00"
"43972","+6.66800690E+00"
"44132","+6.66798782E+00"
"44290","+6.66802406E+00"
"44557","+6.66801643E+00"
"44717","+6.66804123E+00"
"44878","+6.66802597E+00"
"45033","+6.66799164E+00"
"45195","+6.66801453E+00"
"45359","+6.66804123E+00"
"45515","+6.66800880E+00"
"45674","+6.66798401E+00"
"45833","+6.66806030E+00"
"45985","+6.66802406E+00"
"46141","+6.66801071E+00"
"46306","+6.66804886E+00"
"46572","+6.66802788E+00"
"46732","+6.66799164E+00"
"46896","+6.66802025E+00"
"47058","+6.66805649E+00"
"47216","+6.66804123E+00"
"47377","+6.66805267E+00"
"47536","+6.66803360E+00"
"47693","+6.66807747E+00"
"47852","+6.66811752E+00"
"48014","+6.66809845E+00"
"48176","+6.66812515E+00"
"48340","+6.66811562E+00"
"48601","+6.66808891E+00"
"48772","+6.66809082E+00"
"48936","+6.66812706E+00"
"49099","+6.66809273E+00"
"49266","+6.66812134E+00"
"49426","+6.66813278E+00"
"49586","+6.66815186E+00"
"49749","+6.66806030E+00"
"49917","+6.66808891E+00"
"50080","+6.66813278E+00"
"50238","+6.66813087E+00"
"50404","+6.66813850E+00"
"50555","+6.66810036E+00"
"50719","+6.66810417E+00"
"50889","+6.66814995E+00"
"51066","+6.66809845E+00"
"51224","+6.66809273E+00"
"51389","+6.66806412E+00"
"51656","+6.66810989E+00"
"51814","+6.66811562E+00"
"51974","+6.66811752E+00"
"52138","+6.66812515E+00"
"52304","+6.66815186E+00"
"52469","+6.66815948E+00"
"52629","+6.66810989E+00"
"52794","+6.66806221E+00"
"52950","+6.66813660E+00"
"53108","+6.66812325E+00"
"53269","+6.66807747E+00"
"53439","+6.66814613E+00"
"53705","+6.66810036E+00"
"53865","+6.66814995E+00"
"54025","+6.66817093E+00"
"54184","+6.66816521E+00"
"54346","+6.66811371E+00"
"54510","+6.66822624E+00"
"54673","+6.66811371E+00"
"54829","+6.66810799E+00"
"54991","+6.66813278E+00"
"55153","+6.66816330E+00"
"55319","+6.66814995E+00"
"55484","+6.66813087E+00"
"55646","+6.66810799E+00"
"55805","+6.66816902E+00"
"55967","+6.66816521E+00"
"56129","+6.66810989E+00"
"56289","+6.66817856E+00"
"56457","+6.66815567E+00"
"56719","+6.66810226E+00"
"56890","+6.66814804E+00"
"57055","+6.66817284E+00"
"57221","+6.66814995E+00"
"57391","+6.66818810E+00"
"57560","+6.66818810E+00"
"57723","+6.66820717E+00"
"57891","+6.66820526E+00"
"58068","+6.66820526E+00"
"58233","+6.66817856E+00"
